balance,n_coins,estimated_total_balance,buy_or_sell_ratio,price
1000,0,1000,0,4469.93
613.1889251141756,0.09565951505130199,999.6131889251142,0.38681107488582434,4039.58
703.6994576542362,0.07316790990716034,998.4358957004576,-0.23512146316108187,4028.22
629.1109873250099,0.0913232521529591,1003.9235317412707,0.10599478160444384,4104.24
651.1737548744277,0.08594587056648831,1004.1525858322896,-0.05888294010230935,4106.99
370.99085152790656,0.1541742225821606,1003.4813492178654,0.43027364240217514,4102.44
399.3015073884183,0.14733655305662408,1009.9437449937191,-0.04435027730976673,4144.54
316.16828340231655,0.16443493519982122,1114.860006305536,0.20819661946638826,4857.19
208.64572558005426,0.1862115343626221,1127.1508778617804,0.34008015182674856,4932.59
193.59868248264362,0.1892801403541449,1120.813949227072,0.07211766766646413,4898.64
170.45854514053786,0.1938989579280643,1140.9150736121826,0.1195263162195347,5004.96
165.6246252118218,0.194856716548787,1148.1058300209643,0.028358331491863023,5042.07
213.25297698826253,0.18563552929855734,1173.0387850547147,-0.04732291200196288,5170.27
194.41359840790196,0.1892283460094069,1185.663581576659,0.08834286323420233,5238.38
199.38200817700974,0.18826264054294864,1168.9346069731953,-0.005103386922856971,5150.0
195.76732228480003,0.18894296579763084,1198.6501327234128,0.018129448716358732,5307.86
484.7789775106502,0.13128308498715996,1143.474789632677,-0.3051708253178794,5017.37
262.6173255491096,0.17525762239741932,1147.142545788885,0.4582741048350429,5047.0
260.9326443596747,0.17559105740088551,1147.2197270377742,0.006414965904905018,5047.45
330.14633641090484,0.16208897312050005,1161.8702424046642,-0.07689505650369971,5131.28
362.50146713659115,0.15564363172527618,1144.6029343745176,-0.03976421881846512,5024.95
345.9837550416655,0.1588330572030428,1167.7415197541923,0.04556591791310383,5173.72
322.25102432770586,0.16339036775396934,1172.2747074346335,0.06859492784885693,5202.41
293.960320543146,0.16876504409919252,1181.401179036104,0.08779088862038896,5258.44
332.1202113270106,0.1615012271579188,1181.403484557815,-0.04304100401860702,5258.68
249.17347345698465,0.17715684781501592,1186.8487248255606,0.24974914215128977,5292.91
188.2271817427403,0.18873771090587818,1180.4987104364131,0.24459381999491064,5257.41
312.1798348592376,0.16557670898202634,1199.1974456152102,-0.12271528468098258,5357.14
567.5311282179865,0.11902579114527288,1221.0910350754768,-0.2811441181730858,5490.91
539.0825948884211,0.1242741909229711,1212.0273387363095,0.05012682461822324,5415.0
476.19056973641113,0.1363093396982457,1187.7893883509118,0.11666491507674681,5220.47
503.4738353682412,0.1311709434220391,1200.647399656379,-0.037696582549528256,5315.0
552.6172847684363,0.12188175881300095,1198.0652960968573,-0.07081739573337104,5295.69
556.6538910906246,0.12112078111904252,1199.7822258843278,-0.0062435732907823085,5309.81
651.1059716511595,0.10307112471663202,1191.0069528743384,-0.14902196167865334,5238.14
679.9945568807923,0.09763748534219993,1199.6153956228598,-0.05271737733890558,5321.94
414.0346949540245,0.14699361219329984,1205.3307081129963,0.3911205747686483,5383.2
389.88786656753445,0.1513836969383781,1221.712518341504,0.058320784902268566,5494.81
526.0261025857112,0.12776846832711877,1263.3293812835493,-0.15599585086676873,5770.62
354.1364856261081,0.15722348285458243,1270.7226626762383,0.3267701281641157,5829.83
278.2613687586328,0.1703530304783544,1261.740077255659,0.21425388218141148,5773.18
235.05951118070112,0.177858988077826,1257.7344639091543,0.15525639714438938,5749.92
159.99206424324836,0.19068622349186543,1274.808560092681,0.31935507123447116,5846.34
129.70919658165664,0.19573955620057615,1301.5353681053978,0.18927731075180282,5986.66
101.55840256080693,0.20026819865773424,1345.2139028154036,0.217030054635546,6209.95
86.26772667515105,0.20266427737729112,1378.2849212397623,0.15056042139399306,6375.16
63.85062484381784,0.2058290491670413,1520.346375721602,0.25985501989343995,7076.24
48.627594354774494,0.20801149515893513,1498.1016153810726,0.2384163119198868,6968.24
47.050967020207516,0.20821353819171923,1670.2045896183376,0.03242248265592387,7795.62
43.193410459891794,0.20869856939318468,1701.3578059167862,0.08198676466434737,7945.26
417.0396985429212,0.16288918711370878,1747.6944992097774,-0.21950022183991003,8169.08
687.5562082288274,0.12847583682924024,1698.4901712119652,-0.2112684757917384,7868.67
597.4763122945316,0.14071056018965092,1632.441881446267,0.1310145917616615,7355.28
487.9532792333951,0.15578685695320488,1618.5483519370277,0.18330941462855194,7257.32
485.1702348016158,0.15612807956742977,1757.2924594322594,0.0057035059507165985,8147.94
505.87935343978944,0.1535163332391889,1724.36305297255,-0.01672822938370218,7937.16
768.052249783156,0.12031549881680544,1719.0837038706181,-0.21626906871631896,7904.48
684.4123237881406,0.13126967775031448,1685.7111717319895,0.10889874486876297,7627.8
379.73481589704505,0.17004353368356304,1714.5680531363307,0.4451666010406444,7849.95
263.9269038109053,0.18456946922946582,1733.9341328783705,0.30497048792475745,7964.52
171.16709085814256,0.19611964411913427,1744.6349956259567,0.3514602399883492,8023.0
551.4057782484106,0.15192602566314278,1859.8747513132544,-0.22534009101681704,8612.54
386.3484575410518,0.17076543001602074,1880.9762990648737,0.2993391205142572,8752.52
456.59355064824297,0.16269884091744444,1874.8181960762868,-0.04723783436623865,8716.87
381.6554648381333,0.17135704339524466,1863.2941405551164,0.1641242757452821,8646.5
366.2293894513394,0.1732211371296143,1798.2658522155737,0.0404188510528373,8267.1
249.91246939227025,0.18680390780629577,1848.0199006751304,0.31760673340096335,8555.0
201.5037634436157,0.19246332633184912,1846.1221332818998,0.19370264343501306,8545.1
191.03820577926618,0.19366148036653685,1880.9282834576668,0.05193728139612627,8726.0
248.09037176653152,0.1866245572743265,1762.671826255492,-0.03633620417902308,8115.66
208.23745801166257,0.19180380193041183,1682.6409556028154,0.16063869577483253,7687.04
159.07872797469443,0.19811764433199822,1700.053615000523,0.2360705442063884,7778.08
230.47378829511655,0.18894064472271452,1701.8622849183864,-0.0463209606606528,7787.57
227.01074079558975,0.18937423420352617,1738.0163930514727,0.015025775925080163,7978.94
167.7900255900988,0.19686750796839397,1722.1141239028004,0.2608718644674872,7895.28
107.6479902355612,0.20474444561946542,1669.350581309227,0.3584362964546002,7627.57
97.95394693287109,0.20595787116255368,1741.703716681212,0.09005317499636613,7981.0
86.18686774149927,0.20744873497974609,1721.8993981832991,0.12012868863197447,7884.9
58.27714028303902,0.21087922866930442,1772.2275943848244,0.32382807485439713,8127.64
51.7704211166633,0.2116703513997338,1790.9471631714923,0.11165131189989824,8216.44
130.98523091606052,0.20250433546802507,1882.8259365296892,-0.04330325844453749,8650.88
86.25488855025905,0.20757603885188775,1915.1596243853062,0.34149149528519046,8810.77
73.1139841725882,0.2090423365703389,1944.6700234868326,0.152349676621678,8953.0
68.29208062608699,0.20955962763510655,2019.7385759157917,0.06595049635263947,9312.13
49.585377469231304,0.2116173305843234,1971.4876253161387,0.27392199776836024,9081.97
42.7656500463041,0.21235356187792775,2007.8345468097968,0.13753505107748695,9253.76
33.035030908071484,0.21337487173719472,2063.949862594995,0.2275335258015927,9518.06
27.697978131117882,0.2138996541381507,2200.8885182231497,0.16155737198507036,10159.86
24.875240845708404,0.21416248520797307,2322.6245446420517,0.10191131179492899,10729.0
336.8797574053621,0.18552519699437894,2360.208279566209,-0.13371757516627836,10905.95
254.72326711059645,0.1929483115174345,2388.073638751148,0.2438748202846396,11056.59
254.04494303976938,0.19300563574516247,2535.6186047613437,0.0026629843379504495,11821.28
1125.056617207634,0.1264414073653483,2781.234218613765,-0.3448823042022624,13098.38
913.4246878003589,0.145101644265634,2557.4248663135495,0.1881078037943912,11329.99
1174.2681154158438,0.12405680913566504,2713.4483897705877,-0.14503512511162653,12407.06
1406.3113277121895,0.10454299320791074,2650.700166455068,-0.15729741933322278,11903.13
1250.3592854154895,0.11889665590259785,2540.875478247877,0.11089439388247362,10854.1
1464.605656955412,0.09871191699942748,2513.409903882629,-0.16976708680272762,10624.9
1376.5761321419207,0.10682087573320827,2535.0463930510496,0.060104591563906073,10844.98
1360.3454530361098,0.10817886973879497,2652.001157717322,0.011790614937189393,11940.0
1414.4663895824372,0.10331822774437155,2566.0172610060467,-0.044931528737171676,11145.67
1559.2365863359325,0.09012302633909158,2549.004612032635,-0.12771416712574032,10982.41
1626.9645668500482,0.08410018820714003,2573.6341303943095,-0.06682907106659257,11256.45
1016.2412299206919,0.13757193348254992,2585.9369909565867,0.37537592973630174,11410.0
995.6907557426192,0.13924940669875885,2699.9085445660494,0.020222043322997756,12238.6
986.4941948566648,0.1399815545254784,2743.0541316351755,0.009236362628570673,12548.51
1870.2260917754375,0.06692171996564993,2680.521638508723,-0.52192472649338,12108.11
1996.1526862569556,0.055808788582381585,2629.18507809228,-0.1660586635993885,11342.88
2144.479999608208,0.043180311005165804,2652.1604157643633,-0.22628116284184127,11757.22
2270.1707417577236,0.03210079390389895,2634.700295155741,-0.2565872464406608,11355.78
2187.9116149335114,0.04017779546052444,2596.68773795207,0.03623477534580568,10174.18
2206.8243483273245,0.03843032919677604,2623.170080172773,-0.043493333661507774,10833.78
1706.1540595721128,0.09146962949215315,2568.7282155201306,0.22687364725457085,9430.17
1517.6180074475462,0.11094943539196367,2590.372565331488,0.11050353341001905,9668.86
1708.9078580968533,0.09293383490297465,2696.6681331000054,-0.16237667569324052,10628.64
1263.188485234793,0.13531751831241196,2684.8045627709644,0.2608211851506384,10505.78
1212.4775766190455,0.14003436413724984,2716.484456731426,0.04014516377286462,10740.27
1394.6415598530252,0.12281588002101512,2695.2801516575782,-0.1229589909756624,10590.15
1193.9877033850285,0.14219629693856084,2664.7353783243184,0.14387485805968867,10343.08
1510.0696827588085,0.11012276080784819,2596.4064911208534,-0.2255581672747129,9864.78
1465.3383559656872,0.11469971099593104,2585.1975143033605,0.029622028244020954,9763.4
1556.6572614438842,0.10544966765576812,2598.726694668333,-0.08064574234621279,9882.15
1405.0592516503093,0.12086562976730938,2592.443198484357,0.0973868901963426,9824.0
1018.5533706112135,0.16160016230456645,2550.3483810832145,0.275081553027124,9478.92
646.5095613768574,0.20055317884331406,2560.0957394374923,0.36526687748438763,9541.54
1115.1388648752427,0.1512214984686522,2553.1146793185494,-0.24597805260021904,9509.07
1245.2104630794063,0.13762339925150677,2562.954510912584,-0.0899217330528192,9575.0
1238.6628767878829,0.13827227770385322,2632.5207203499067,0.005258216571141907,10080.53
933.1772113314162,0.16768723479214337,2672.9322722999036,0.24662534994885463,10375.0
975.3833559339029,0.1636726589047,2697.8335000822394,-0.023940855679441743,10523.75
756.5159401877913,0.18388633906052762,2745.5887257180502,0.2243911733931035,10816.86
546.0856004296484,0.20311965120613662,2766.1813569162096,0.27815717895634484,10929.99
494.9053071816246,0.20744163877627828,2948.9398939049966,0.09372210731752714,11830.0
465.2921766435241,0.21001822091771932,2876.656283572293,0.05983595267292781,11481.69
1119.2202747117196,0.15535596669986748,2979.6141901813007,-0.26027386566267197,11975.04
1187.573134502268,0.14965142181917795,2982.5177285431973,-0.03671918756561286,11994.17
1463.3767805881098,0.12641234853692887,2965.152952959854,-0.15528802198971806,11879.98
1566.67782187889,0.11726898914792336,2892.9009647101507,-0.07232963784653099,11309.24
1882.4057895822211,0.08987997618371424,2919.5380251641946,-0.23355716769810775,11539.08
1958.7768122444977,0.08317308701708845,2906.812768645728,-0.0746205044927575,11398.35
2144.113205529464,0.06614235313882076,2864.6256695177685,-0.20476255588263315,10893.36
1392.2215103589842,0.14084427767063418,2808.4332574216382,0.3506772372053036,10055.16
1243.2723831668166,0.15529542866895457,2842.3136942224482,0.10698665843322677,10296.77
1100.1459778483988,0.16913544443807024,2847.5096246547682,0.11512071470119166,10331.15
1027.5293137263834,0.17623643234023337,2827.9695183358244,0.06600638968297187,10216.05
1117.205355256228,0.16752652290373254,2843.7621798109894,-0.049421730347365966,10306.17
1607.8943553746578,0.12252493511377086,2945.2209404089863,-0.2686236603610606,10914.73
1236.2099046436567,0.15703192096112104,2925.9534604650094,0.23116223369314237,10760.51
1369.1473174656064,0.14390966030515287,2828.5092788813067,-0.08356428792090652,10140.82
1240.5177677021652,0.15663264966283738,2822.4918660318563,0.09394865557750506,10099.9
844.1350885496406,0.19475165211114123,2867.2464109445136,0.3195300296961904,10388.16
611.4959676406102,0.21768361316224447,2817.634490430825,0.2755946578511998,10134.61
581.9519295374434,0.2205935408111289,2819.3638299870727,0.04831436291748428,10142.69
1266.5919151664011,0.1545291744445929,2869.6157591848305,-0.2994845910882765,10373.6
954.256665386799,0.18516263320191054,2840.265846765167,0.24659501299482747,10185.69
1052.1940431772207,0.17507772288366907,2754.124587329368,-0.05446514852294409,9721.0
1061.0885036641,0.1741404290129678,2715.250180262571,-0.005353587282626825,9499.01
1022.1707978482285,0.17819758875713917,2729.7955234865917,0.03667715339623677,9582.76
1007.9666443862518,0.17967744422391738,2730.846940913897,0.013896066578968856,9588.74
1185.682419139654,0.1613823836113428,2754.898550599071,-0.10182168770040462,9723.59
719.7484367696895,0.20639863587319915,2853.9103316985684,0.3929669318265274,10340.0
1168.4352735925618,0.16407463272618256,2909.5706648879022,-0.20505951004937018,10611.85
859.859207680106,0.19325027382951698,2901.726140940876,0.2640934186826488,10565.92
693.8742739181441,0.20894817292080903,2901.02098774313,0.19303733946140786,10563.13
638.3966874565147,0.21432963417908,2845.7154342729473,0.07995336986391019,10298.71
639.2112488405238,0.21425165172316804,2879.4050940927964,-0.000363843554395319,10455.9
839.7968402463815,0.1949103805663851,2863.208279397361,-0.09027361516808079,10381.24
808.3817419927165,0.19795657706817507,2847.8452137637555,0.03740797386716586,10302.58
764.7678033902687,0.20227124382170666,2807.341255038189,0.053952156928898945,10098.19
758.6020083072066,0.2028775811454895,2819.5846357689484,0.008062309966147456,10158.75
667.9940608837666,0.21156862795927237,2871.4834367658677,0.11944069015270398,10415.01
556.8964926849825,0.22229804364049305,2856.376354847916,0.1663152035390858,10344.13
836.7288281522353,0.19518901444948228,2853.5798285459905,-0.12194902279415602,10332.81
1082.1755114211535,0.171343118298859,2847.5819159145194,-0.12216822866737166,10303.34
1191.3047679610902,0.160685371419447,2838.278405691568,-0.06220119596996379,10249.68
764.4383375748055,0.2025445518993987,2827.8569091588915,0.35831841008817894,10187.48
614.483137518662,0.2172943744111019,2821.4138947313213,0.19616389273708978,10156.41
564.0247683805972,0.22221524389858463,2840.331062304529,0.08211514044440721,10243.7
601.0169946562014,0.21857347099605046,2823.454561866363,-0.016388492700330805,10167.92
786.7805845883212,0.1999508624752379,2783.319939032943,-0.08520068074111817,9985.15
1847.5063353264395,0.0940691069717856,2790.836043494854,-0.5295388786660763,10028.05
2257.8153501931592,0.051736467508434913,2759.7729052534964,-0.4500163850396457,9702.2
2346.3327260279066,0.04130922885534503,2697.359963687644,-0.2015452379192659,8497.55
2090.9902096716755,0.07156850060816675,2694.3162482235516,0.1088262178350548,8430.05
1739.193462109558,0.11515322022889618,2667.7303018930597,0.16824409121329956,8063.49
1660.8510848194155,0.12472391078634881,2680.777123557459,0.04504523447041759,8177.47
1394.277219439356,0.15720286547739615,2683.2432505774086,0.16050437502591883,8199.38
1438.3008786749174,0.15172387656741634,2658.6220868617097,-0.03485298371210423,8043.04
1385.499189795808,0.15808685341657625,2696.0344620136225,0.03671115665851126,8289.97
1469.620826594365,0.14793260362233646,2696.377090675206,-0.06423209504639965,8292.67
1358.5443090037152,0.16120598174112347,2706.226316359507,0.0755817525041843,8360.0
1116.799960265797,0.19057003546754347,2684.1298770661256,0.17794366156169092,8224.43
1125.6454672203201,0.18948188708577074,2667.4766358070747,-0.005709965782936844,8137.09
1109.4651167378106,0.19147069922867074,2665.6527982537937,0.014374286534876221,8127.55
1235.2356150961696,0.17544376266951806,2613.3990039940345,-0.08370438204757351,7855.3
813.4661018171998,0.22688522320285792,2671.842125731632,0.34144863386742025,8190.82
665.8562891203678,0.2449327073364772,2667.1500048981825,0.18145785345829019,8170.79
854.3142009153436,0.22290009188903362,2762.8182226830327,-0.08995374969328292,8562.15
708.5615972672531,0.239914571165817,2761.707312681505,0.17060772663257354,8557.82
744.3855968523244,0.23557210609343027,2689.728270366567,-0.01810004724300558,8257.95
802.5497961112309,0.22855902949235593,2700.04228777618,-0.029770403284898547,8301.98
740.001458189237,0.2361099633122901,2693.8680709896325,0.07793701802065481,8275.24
664.8333069911611,0.24510651807023234,2710.7030984108605,0.10157838253725926,8346.86
720.6963692921432,0.2382531138220414,2664.675000900326,-0.027960922060127322,8159.3
481.83792080728483,0.26809914172896016,2625.295920913156,0.33142729540799754,7995.02
457.6209059370083,0.2710967463827522,2645.5641279357505,0.050259669952299905,8070.71
389.1878121489685,0.27969944010246545,2611.9284957048503,0.14954101287815652,7946.89
380.9617250414229,0.28073315021601924,2612.7537739492477,0.02113654860393447,7949.87
717.9451748490684,0.23971327746607868,2689.1913550997465,-0.14611695383454532,8223.35
1102.7592305370797,0.1927221712768361,2682.5568307012627,-0.19603046892507725,8197.28
915.2890302912302,0.21607395792751,2648.215137307336,0.17000102565865208,8020.06
871.4974174326103,0.22193162639853034,2528.987111241242,0.04784457303578314,7468.47
421.46708305960976,0.28258400585927623,2516.0955939309674,0.5163874560853758,7412.41
328.4776016350657,0.29331618929332565,2867.387338215377,0.22063284456165272,8655.88
297.22974446921535,0.2966982704751983,3035.7547809552957,0.09512933914004368,9230.0
299.1391316956818,0.29649767723542647,3124.237194860589,-0.0006760849648721852,9528.23
696.5516142657611,0.2532783330200804,3027.8393666324405,-0.14576621516339522,9204.45
610.5499587318299,0.2624108929957594,3079.2119238965965,0.12346774276675263,9407.62
697.8406373610667,0.252865572285741,3012.5771433761856,-0.03637547436025325,9154.02
565.0704103394359,0.26737596373628386,3009.116662217884,0.19025866353056017,9140.86
1030.3876565112491,0.21691958342549522,3032.8590989453655,-0.1887094845988265,9231.4
1469.6567367910666,0.16958741023982632,3045.0983398075173,-0.21820147558012415,9289.85
1548.8987260482118,0.1609622098292648,3029.181250254652,-0.050859909932960225,9196.46
1612.1776540720762,0.15421821784700696,3060.656843378304,-0.04189798331801792,9392.4
1543.7150259253897,0.16156632157568623,3047.5307242450517,0.04246593294092749,9307.73
1740.689543698706,0.14045396356246242,3052.4115820427123,-0.1306730128366118,9339.16
1973.2258461832657,0.11519142052403006,3034.599594891679,-0.17986351112973512,9214.0
1432.073582135321,0.17680837199328908,2983.344267827721,0.2742475044580804,8773.74
1209.8059939939242,0.2020145002087706,2989.388088943022,0.15520682101402947,8809.18
2023.3562544474485,0.11193151217773985,3035.235033576165,-0.4459233764800797,9040.16
2135.1860463459293,0.09911379555640362,3000.7825039064023,-0.1145139234872709,8733.36
2063.0855000799656,0.1072785179033441,3009.486929956656,0.03376780510033473,8821.91
1758.781517181246,0.14191233089830863,3004.422678134386,0.1474994530701344,8777.54
1580.5475341931872,0.1625054287039881,2985.6312228307756,0.10133946783436172,8646.38
1167.073537246965,0.2112635792052235,2956.8183001135208,0.26160174749650017,8471.62
1607.4605573162125,0.15934491865064704,2960.4168319000073,-0.24575301029119734,8490.74
1862.1546382637187,0.12936103909262914,2962.0947367332624,-0.18816966246508007,8502.87
1286.7681101830726,0.19957555586445658,2920.5933982674464,0.30898965975088893,8186.5
1602.009337831766,0.16077995964064484,2909.766196955632,-0.19439052070164398,8133.83
1728.4750499765596,0.14514850115305658,2903.9688954746575,-0.09722267950885001,8098.56
1662.615504704783,0.15377402515496338,2835.5714760415613,0.03810268784190414,7627.79
1608.0785838058514,0.161269988268133,2780.2259506359433,0.032801883986168755,7268.23
1549.8454789435411,0.16922704968945781,2787.081361928136,0.03621284771076896,7311.1
1112.9107747902908,0.232485487371839,2717.1141093180754,0.28192146255192396,6900.23
717.5338054588174,0.2880385320824704,2765.4848881798607,0.3552638524916568,7109.99
1082.5245640396042,0.23697369897223142,2778.012136761177,-0.17728472902930306,7154.75
1420.1540759166512,0.1919587841017079,2861.361431073864,-0.18995743015261093,7507.9
1305.1350835003818,0.20744758421599663,2844.0891359584375,0.08099050262699796,7418.52
1575.6068926151768,0.17247239994803332,2910.7140158889033,-0.1685976937265598,7740.99
1840.5614880302714,0.13730029692344187,2875.892226020085,-0.20392887809985227,7540.63
2041.8630933615766,0.11003883329092548,2855.2151296314523,-0.19855356647711606,7391.5
2147.0232293420045,0.09560788451339285,2844.4272942941875,-0.13114414562520363,7294.42
2029.8755821461145,0.11165548541191947,2844.1466571644737,0.054562822420785854,7292.71
1599.2257123999034,0.17145308609193943,2832.7603710661097,0.2121557959187333,7194.59
1415.3932905230624,0.19630740865994106,2865.908733111367,0.11495089182937782,7389.0
1356.316216751946,0.20414741459757826,2893.097124359596,0.041738981078032575,7527.8
1234.9442995394215,0.22034155445492518,2884.7098236253278,0.08948644550102142,7487.31
1205.6870295687654,0.22423337663871284,2889.7043537969294,0.023691165651412646,7510.11
929.0138792110115,0.2618965509063423,2850.9783835543312,0.22947344009888768,7338.64
762.5802036473741,0.2849120256525856,2820.8274137655003,0.17915090321899757,7224.15
708.9098259899661,0.2923484621685011,2816.7422382248587,0.07037997760852689,7210.0
503.3143578492334,0.3208837110059994,2812.9582975797757,0.29001638939568414,7197.76
643.2073970721923,0.3015884191447254,2831.9461425205477,-0.060131727474671534,7257.37
595.2054845128077,0.30837677705479305,2773.6222103766536,0.07462898091328525,7064.14
1107.0518212211864,0.236412243175954,2790.2124277367084,-0.23336560737857456,7119.6
932.4985454161334,0.2617159130227854,2736.0980570578777,0.1576739882081614,6891.44
861.6590344109401,0.27239984734097367,2665.992039221975,0.07596742252673512,6623.84
665.0391632884904,0.29938910804798763,2843.942195513376,0.2281875582687598,7277.83
799.365635255263,0.2805868280601711,2805.9290246302453,-0.06280215105488345,7151.31
664.6201555639597,0.29931394922605875,2816.091815740362,0.16856551463871072,7188.01
709.0586297639356,0.29307649626576054,2799.160039767871,-0.020839165620000332,7131.59
654.3512607750861,0.3003628280423338,2907.285728700499,0.07715493006137322,7500.71
477.4541556607877,0.32451384112218346,2852.019285304141,0.2703396718526405,7317.3
827.4945743016333,0.27622250754210914,2831.7015578504424,-0.14881132161599248,7255.77
754.2999281711573,0.28637120289219825,2817.6073087214745,0.08845332453357649,7205.01
835.7683132964036,0.2750479683656353,2816.663781465709,-0.039540409134034,7202.0
919.1320685630991,0.2635455771845,2831.094615553894,-0.0418195824149646,7254.77
602.7826407426451,0.3067468794297256,2846.7464926476828,0.344182777035525,7315.36
915.5080550025648,0.2643781417259601,2868.8474486749,-0.13812279943167938,7388.43
1301.59119255543,0.2110425624877562,2830.8056003417114,-0.20173974629675934,7246.0
1345.973556128936,0.2048680929267868,2820.0486530794697,-0.02925698725501236,7195.24
1266.6275802038651,0.21587616983372115,2821.1022276574295,0.05895062021372278,7200.77
1016.8329494883596,0.2517020537392023,2770.0610877882355,0.19721237293388225,6965.49
811.5417639484451,0.2796238909555909,2865.3792430172607,0.2018927353241365,7345.0
709.8727885143211,0.2934346990063334,2867.8473175997083,0.12527879642258657,7354.19
543.1256256914899,0.3160751673711907,2868.6929201484572,0.234897245704844,7357.64
476.5267563012321,0.3246501290952582,2995.454642938431,0.12262148247095915,7758.9
709.6725392492547,0.2960003065939161,3120.8673567387677,-0.08824830158295033,8145.92
1118.971752532341,0.24513461266473024,3093.4624198551974,-0.17184338257787235,8054.72
1298.9825666935292,0.2220856234215021,3035.1902283407426,-0.09402584560652062,7817.74
1247.3552272335528,0.22837621895801768,3119.779873799686,0.03974444367747764,8198.86
1478.4051999708986,0.1995381933207258,3078.7035057850526,-0.12627420564569883,8020.01
1566.8422515408354,0.18872256697791895,3111.5308005780926,-0.05420328891833993,8184.97
1266.563515878611,0.22570972866615424,3097.1461566688686,0.19164579929276843,8110.34
990.0254871987274,0.2570509394984972,3255.8369805397606,0.2183372765858095,8814.64
1151.3693069649219,0.23873969891132263,3257.0558387597766,-0.0712358438483032,8820.01
830.818644331906,0.27546270390210637,3232.8947417638587,0.27840820551140677,8720.15
1323.0934003616953,0.22017799654405004,3285.59933161788,-0.20069761377824613,8913.27
1931.9921340886638,0.15180984300113154,3285.3905473296218,-0.31051310583271835,8915.09
2041.0926975511366,0.13925947672461284,3252.8896713552344,-0.08267162410822838,8701.72
2096.335782640637,0.1328609412021018,3244.566537838621,-0.04594685886379015,8642.35
2213.270111098264,0.119462264016848,3256.8972280400085,-0.1008473751881101,8736.04
2284.196818554545,0.11128541432931247,3250.4624755306695,-0.06844713479046685,8682.77
1964.633608752668,0.14927017093552858,3219.1777457837366,0.1399017839470151,8404.52
2112.883596450222,0.13168531942087605,3224.1746901898005,-0.11780552942655652,8438.99
1814.683338855721,0.16740494773509942,3210.8422770159277,0.14113425751210143,8340.01
1301.826913910612,0.2268802638654539,3256.2619901505395,0.2826148308985409,8614.39
1092.4418621135073,0.25036317410307285,3322.569360858816,0.16083939390077912,8907.57
1203.2643988743928,0.23853069973615745,3439.5708093387793,-0.047261241232083265,9375.34
1353.6147711184674,0.2223505416427182,3421.8238987461255,-0.06783260230794776,9301.57
1558.7197058027368,0.20076511208685346,3468.3010847190853,-0.09707837631692878,9511.52
1622.7358171299977,0.19391286885874015,3436.1527319649667,-0.03413064728671061,9351.71
1984.297650528285,0.15534637856734806,3442.1317590194917,-0.19888566714716932,9384.41
2273.1419276645242,0.12436201142875902,3433.637229893018,-0.1994534241759375,9331.59
2091.7133680065394,0.14386909394080807,3428.4514739934666,0.0798140043302921,9291.35
1751.589286224591,0.18081409979054708,3414.5401782802483,0.1626054922171751,9197.02
1778.6901053680815,0.1779918086521943,3489.5527098872326,-0.015608800097017324,9612.03
1893.5173739420306,0.16622940476509507,3517.9111173065394,-0.06608396181918472,9772.0
2028.6462158206004,0.15244645206809027,3524.7358783780696,-0.08291525026202189,9813.87
1917.0817780724406,0.16370996119088427,3536.998392454688,0.054994526338852656,9895.04
1669.1699289713881,0.18810621495398563,3578.771553444063,0.12931730505013678,10151.72
1807.9180396117554,0.1740085025054227,3522.2045640845286,-0.07494548998294123,9851.74
2018.281877196848,0.153410560202605,3586.610306992895,-0.11837319444879317,10223.08
2372.955003148989,0.11902636578884317,3601.941508619505,-0.224131861381326,10325.33
2494.140854735316,0.10716580966179778,3590.209179478058,-0.09964646108817958,10227.78
3071.822729184496,0.051264803259877964,3602.124309433847,-0.5216309807982282,10344.36
2497.1241051462102,0.10923100489169309,3578.9982238557886,0.18708717094194305,9904.46
2797.1814047133134,0.07892460300037082,3579.3794676690886,-0.2774523764692294,9910.7
2480.5706906131677,0.11151208531914743,3562.9069907208127,0.11318919594083161,9706.0
2621.1536843278404,0.09766783906570123,3613.925781506099,-0.12415018707455772,10164.78
2479.6064114471756,0.11240581550129648,3558.1008691466895,0.05400189760981625,9594.65
2326.858170917774,0.12830580021444463,3558.235879793844,0.061601808990424875,9597.21
2463.1002408588815,0.11421282266555345,3568.343436434576,-0.10983897474110133,9677.05
2581.675215854989,0.10191404393986897,3565.2323668120735,-0.1076829942439886,9650.85
2860.211411927279,0.07385408147022468,3594.0551070480196,-0.2753296933855372,9936.4
3007.533142567344,0.05858103560217154,3573.163503444823,-0.206800295447594,9655.52
3056.6628934161286,0.05330233272527349,3553.2530102044843,-0.09010941548978647,9316.48
2257.6351114959693,0.14415468352634783,3524.1781609584614,0.26140526769936523,8786.0
2776.1135051549036,0.08533311652439454,3529.0289255287676,-0.40804478608010114,8823.25
2829.4198386065364,0.07919332580952625,3517.673194551967,-0.07195085524754147,8690.8
2889.25277814978,0.07216662792264272,3504.372969577497,-0.0887284100655648,8523.61
2657.325254230884,0.09932811068350424,3504.62383679438,0.0802724931763906,8530.3
2392.1266669841903,0.12905856037248453,3542.1907290042673,0.09979906931771176,8911.18
2557.7911273446193,0.11012831316543253,3522.52285965573,-0.14667951627862696,8760.07
2283.363907294924,0.14145651635497403,3521.2484673521385,0.10729070764061684,8750.99
2316.58222347639,0.13778419280050747,3564.168486975577,-0.025960794519010812,9054.64
2538.3687659735015,0.1134701827699234,3574.4525231255675,-0.17646443714909593,9130.89
2769.201768609826,0.087464829324266,3546.3486433632606,-0.2291822645459811,8885.25
2433.5680446561396,0.1291957696671926,3471.625046947312,0.12120233626825205,8034.76
2741.538255880918,0.09032016518508974,3457.765424177205,-0.3009046239071615,7929.87
2898.1631736877084,0.0704607302182332,3454.420340646666,-0.21987819581772627,7894.57
3159.462188716978,0.03749608992159818,3456.977913887092,-0.4678441480032337,7934.58
2310.675557899627,0.21414943943264775,3338.5950086707307,0.26864908649596253,4800.01
2439.2485959838677,0.19106827268843554,3504.6548379082187,-0.10778065450631956,5576.05
2233.100615203588,0.23088318406547315,3427.3392671185666,0.08451290332592373,5172.48
1764.7208564681155,0.31817470883666016,3470.24229348653,0.2097441358202174,5360.33
1335.760339164313,0.40338916236817596,3364.3479622311384,0.2430755638953104,5028.86
839.1440788257873,0.4967739285255266,3478.325122467641,0.37178545116051426,5312.64
673.8219385999271,0.5273967462805828,3518.2097144451427,0.1970128186534965,5393.26
621.1396486889583,0.5359376713982072,3923.6143767282815,0.07818429008178687,6162.05
612.2420953044076,0.5373702696010104,3946.3935489627484,0.01432456196175979,6204.57
582.3934397835064,0.5421898290131656,3936.9435994811224,0.04875302719271591,6187.04
501.0824793173735,0.5561562924214353,3735.715283855062,0.13961517234184284,5816.05
493.4744136042519,0.5573318784617908,4096.764340829345,0.01518326029576235,6465.25
1141.3530003008111,0.461178146591183,4251.856633832897,-0.17252508888597484,6744.69
1378.2615731485566,0.4256635738121288,4220.596034193142,-0.07700836009156453,6677.42
1952.2827071894812,0.3403774371765635,4245.4974033560275,-0.20036042988542704,6737.27
2383.561803238598,0.27248887936643396,4116.348560906481,-0.19945081663833608,6359.11
2665.7283655170445,0.2272003011570208,4082.697123727978,-0.1662033999872361,6236.65
2027.4890481144494,0.3356266387278384,4001.141497153503,0.23942398845232768,5880.5
1967.9257482414778,0.34493216720536163,4173.577244827802,0.029377865162016514,6394.45
1667.8352177887587,0.39168573776406224,4179.379004335213,0.15249077904533626,6412.14
2061.299061880483,0.3323998189227654,4269.550722919225,-0.15136093333326475,6643.36
1504.502312931898,0.4142737392272221,4319.020098918153,0.27011934330413473,6793.86
1285.3725988238868,0.44678696658363437,4293.5758412225,0.14564930357666397,6732.97
1326.2965562822928,0.4408131481331134,4349.133046421786,-0.013370619327147962,6857.41
1263.4280812461852,0.45008638697463366,4311.764161220244,0.0474015217323134,6772.78
2676.90722785207,0.2570559171665147,4561.1013950909055,-0.4288742681279937,7329.9
1695.0024258827482,0.39334593861440814,4526.039016791,0.36680568969780647,7197.32
2180.6606718376815,0.3272960449496085,4589.644659638487,-0.16791807714467724,7360.26
2033.2346773182617,0.34751678493660665,4564.387081075434,0.06760611424939458,7283.54
1748.1578826103887,0.3890381495119574,4416.539427060943,0.14020850514111607,6858.92
1365.0386053272143,0.4446939678828794,4423.127871422915,0.21915599334259903,6876.84
1613.3113402579058,0.40869616722745994,4434.863852601172,-0.0809496041216829,6903.79
1953.2708347789967,0.35893047496543656,4407.651779811651,-0.12176696590924052,6838.04
1940.5384830630012,0.3607823334111217,4418.597194860629,0.006518477360788557,6868.57
1681.2303117887143,0.3999061941780483,4329.109199990116,0.1336269151771665,6621.25
1512.71378144574,0.4236105381453914,4521.191587248928,0.10023405428830519,7101.99
1734.6374481260218,0.3919963688540838,4489.109692862521,-0.07463027107332493,7026.78
2219.1095091618827,0.3250928263694778,4575.577370383679,-0.17067388323056143,7248.6
1668.2198781596662,0.40237239799460967,4533.67467323848,0.24824806019162046,7121.4
1231.5626867071608,0.46625024421191485,4415.576279425443,0.2617503826499259,6828.98
1118.3753216938642,0.48277827045936905,4421.235270083773,0.0919054841746842,6841.36
1300.4697088970936,0.45719601165290735,4558.046155445457,-0.052989664970049116,7125.12
1682.1931069250222,0.40613941814740223,4721.724266763455,-0.11167331342397209,7483.96
1983.0304738467494,0.3660143674575749,4729.968301615849,-0.09879624802945021,7505.0
1787.3386872379035,0.3919455674690136,4742.228078753821,0.09868319684933352,7539.03
2305.237578095195,0.32455825830034857,4802.096715025607,-0.17193027492010743,7693.1
1867.4105997071201,0.3808248806382226,4827.75661759715,0.18992705244283287,7773.51
1315.3175904907152,0.4520964726108052,4813.90231150724,0.2956462865226285,7738.58
2165.229537467774,0.35518299575159273,5283.231880312791,-0.2143645941308683,8778.58
2196.652886882125,0.3515339465383016,5226.8755060422845,-0.010273715963145932,8620.0
2449.7482572058607,0.32282805576255563,5298.922144107775,-0.08165894377605527,8825.67
2348.5030311726605,0.33410061959672227,5346.247568553819,0.041328828680820655,8972.58
2614.8546158719128,0.3041238142918697,5319.777438755946,-0.08972388420301707,8894.15
1799.1101334968566,0.3959786481826939,5312.201021881862,0.3119655209217241,8871.92
2997.6059556733126,0.26299476130819277,5370.176375548591,-0.33583600399874586,9021.36
3021.6520910594577,0.2603622388776159,5402.24818601305,-0.010009790375603494,9143.4
2909.553435449251,0.27157625777897043,5621.595418507383,0.037098465419591865,9986.3
2767.4256493249254,0.2860645606944952,5570.864065422193,0.0488486598639768,9800.02
3714.5210886372083,0.18667955762344263,5495.27605676299,-0.3474215849379244,9539.1
3513.469834573678,0.2097055233212046,5342.682882234181,0.054125753836356,8722.77
1300.7060645176189,0.46788593433143144,5306.764149700708,0.6297944408919492,8562.04
2707.698841562909,0.3080399717070823,5421.835951874295,-0.3416344687787103,8810.99
2341.511362036997,0.3473360871229154,5574.98456469471,0.13523936780005605,9309.35
2798.2346935585406,0.3006467578016882,5742.158726549937,-0.13442118758222998,9791.97
2692.4786084072225,0.3119875459830637,5598.942107283605,0.037793858175929944,9315.96
3248.1123911999102,0.252697359659553,5618.6183096678415,-0.1900402342557909,9380.81
3207.667378613727,0.25687090665711804,5694.462881761019,0.012451851326253595,9681.11
3050.9931642540027,0.27295049014964,5707.874128836288,0.04884365985211187,9733.93
2798.223903130083,0.2987830357897283,5718.866919769329,0.08284818992235421,9775.13
3128.660426515853,0.2640072669856214,5639.747065940902,-0.11639137647888662,9511.43
2611.030023984636,0.32103645935802416,5522.031329578114,0.1654479336089733,9067.51
2703.5592292080737,0.31093593296211486,5554.841734470667,-0.031462240818713495,9170.0
3279.63332849909,0.2481131721152417,5557.066616476615,-0.20204406820529053,9179.01
3837.16053866101,0.18409891041981385,5442.160613548405,-0.2580042855028068,8718.14
4019.7408653633534,0.16356453932293163,5475.522512926208,-0.11153988391379516,8900.35
3103.251906053446,0.26712437082961615,5464.898468558082,0.22799702518313059,8841.0
2467.796007583676,0.3360960803636919,5561.247857976721,0.20477096855405136,9204.07
3012.2414567821506,0.27918318998003866,5685.663390216303,-0.1693351803510096,9575.87
3442.6080301897264,0.23348300425259144,5643.558918077205,-0.16369246920172642,9426.6
1838.634995715429,0.3987145289243517,5705.256857155693,0.4659179960101064,9697.72
2216.579551117248,0.35867303156239033,5605.419195037233,-0.10042648174869614,9448.27
2561.763307392845,0.32480660925290994,5875.670947683601,-0.0944214349262816,10202.71
3467.5034579864728,0.2295507895140337,5652.372463596836,-0.2932693394323928,9518.02
3022.8555790340997,0.2755044958959268,5685.970197802815,0.1282328581182074,9666.32
3584.395345966771,0.21807766415859237,5718.970053624055,-0.20844244864529435,9788.14
3847.664786819334,0.19068671546665683,5682.294093065669,-0.12560180703336973,9621.17
4038.374421319814,0.1709387587862992,5690.81376169315,-0.10356230968701507,9666.85
4196.603036343047,0.15468892144931012,5704.354406820258,-0.09506233374084552,9746.99
3832.069071782876,0.1919174463517443,5709.405531995639,0.08686405681053617,9782.0
3873.0015258809085,0.18772469331099315,5707.529827780991,-0.02184664875681345,9772.44
4113.229935982591,0.16339859040375757,5728.460949813623,-0.12958392675030694,9885.22
3452.1665113905437,0.23457122774441236,5628.724785083617,0.16071637979901277,9278.88
3755.916505346916,0.2024470509909579,5672.069745094293,-0.13694849561198874,9464.96
3917.446351639559,0.18537899074710792,5673.604559843767,-0.08430876202100025,9473.34
3800.4658693675274,0.1978883303805693,5649.158440615844,0.029861412709090988,9342.1
3395.2478101053052,0.24083451050935706,5665.365947892031,0.10662325967149346,9426.05
4400.298367517069,0.13523360969558418,5688.664910078609,-0.4384791057993742,9526.97
4541.440091832816,0.12030692540037963,5680.16078064771,-0.1103770307455747,9465.13
4203.61680779985,0.15626196004110487,5670.341568572873,0.07438681942331381,9386.32
4583.757418221431,0.11539066775797821,5658.071074901793,-0.2615562499816042,9310.23
4236.303805244475,0.15247881967288093,5663.345454621985,0.07580104732326196,9358.95
4393.228452740717,0.13557866170898247,5653.39008394058,-0.11083610169697718,9294.69
4833.224394612541,0.09010576527619622,5705.960904290542,-0.33539862290714395,9685.69
4635.365411442718,0.11064341560475449,5700.234155550025,0.0409372640323447,9624.33
4130.8767054684695,0.16484499989658694,5663.659913356901,0.10883472201110264,9298.33
3190.476675551681,0.2664138031372923,5654.668483532035,0.2276514398679301,9249.49
1982.0903168522818,0.3981700030432866,5630.207500435512,0.3787479055901424,9162.21
2311.6577637150795,0.3615635511783282,5570.068486934173,-0.09193673954634579,9012.0
2868.403499330525,0.3004300214186378,5607.171643386254,-0.16908100819470745,9116.16
2608.3932218587656,0.3286854598038194,5629.975645853092,0.09064633951689326,9192.93
2775.9588782712754,0.3103300295819006,5611.77951499305,-0.05584497176380887,9138.08
2868.082562116789,0.3003412947863409,5640.8303921713405,-0.03218745800726163,9231.99
3410.4154719252338,0.24059624490002132,5596.602875059074,-0.19892386069928042,9086.54
3104.4334922380476,0.2743435494530634,5589.37975103851,0.08971985443006866,9057.79
3164.5209053726917,0.26775925162106123,5610.501668931086,-0.024000191894902254,9135.0
2868.415807311773,0.300375374716484,5592.643234519201,0.09357027711783947,9069.41
2732.6297862179063,0.31489511468597525,5674.527948318189,0.047338332450873974,9342.47
3241.8718709987365,0.25983085942883527,5647.230069075236,-0.17486538434250412,9257.4
4106.894521019342,0.1680670789357942,5692.785561882232,-0.3531673670123626,9436.06
3144.2454971095144,0.2722311415419059,5657.597732903838,0.23439828293201354,9232.42
3501.388065206079,0.2337420177410191,5672.463398270696,-0.14138398561930132,9288.34
3646.573066697925,0.21800344106220862,5659.62120153518,-0.06733310865934453,9234.02
4143.29209241207,0.16455835087859638,5674.2294437244245,-0.24515709441651126,9303.31
4354.634413544667,0.141669375252923,5664.029197951086,-0.13909337024506171,9242.61
4587.27507397031,0.11650976981856506,5665.672026945475,-0.17759381933773882,9255.85
4770.165926665207,0.09660523748170338,5658.702258926922,-0.17084002798956718,9197.6
4894.743159356617,0.0829523189965696,5652.406414421965,-0.14132689739228257,9133.72
3876.2776675705654,0.1940963622171144,5653.095937178317,0.2080733265522194,9154.31
3707.6990372321534,0.21246108874820646,5656.030959379831,0.04348982317463024,9170.3
4386.374366753746,0.1386902752055923,5663.571724219293,-0.3472203497462163,9208.99
4639.951187994714,0.11098186479808753,5656.631635399738,-0.19978625297577826,9160.78
4774.802153944409,0.09660636406309321,5681.935912496854,-0.12953017829668004,9390.0
4536.176997949593,0.1216518067577759,5694.078358959185,0.04997592534754353,9518.16
4248.605511527198,0.15156702469249736,5704.144572745918,0.06339512028573416,9603.27
3402.69259358815,0.2401661172812844,5693.421036828769,0.19910366251795825,9538.1
2384.7045165365075,0.3450038551291911,5731.386812908815,0.2991713324235884,9700.42
2540.5871625293676,0.32929242621911897,5810.968065221597,-0.04553986477684068,9931.54
2269.6619414790757,0.3538305293336581,6172.398526808151,0.10663882154728486,11029.96
2437.9030389789036,0.3383889982687904,6128.464819127865,-0.04364103655483759,10906.27
2767.7374172872733,0.30864583823203345,6193.866717498726,-0.08789635652732196,11100.52
2482.77571562341,0.33429287659602047,6193.356444335152,0.10295835865208666,11099.79
4139.154833358689,0.18802292770200388,6270.481209407646,-0.4375503013508061,11335.46
3144.4251264735312,0.27222940698992804,6357.0506373608605,0.2403219369491406,11801.17
2157.4593298883046,0.3612861110252626,6157.387928048956,0.3138779767009773,11071.36
2397.504125928016,0.33986971758794243,6210.733598955102,-0.059278208554833206,11219.68
2322.1426856283942,0.34659649976513546,6201.247245034792,0.03143328909619764,11191.99
1749.753200475002,0.3952828750262689,6392.314992199777,0.24649195275375516,11744.91
1746.8663653841688,0.3955280572248838,6399.253272650148,0.001649852727830033,11762.47
1150.7920465815137,0.44688735989306494,6332.164976631271,0.34122491028188484,11594.36
1390.117257475707,0.42651797223197235,6406.403659255378,-0.04558058582361057,11761.02
1590.2269679664394,0.40937062278927666,6372.367678497705,-0.04020311114432865,11681.69
1885.022694505361,0.38455827110413027,6458.535756919671,-0.06061097280524343,11892.9
1712.3327940490385,0.3997018672797105,6265.7724392675555,0.09161157632727442,11392.09
1352.296691153748,0.43080403712186277,6334.26104980359,0.21026058961584057,11564.34
1867.736642049303,0.38700386896897376,6426.553207613952,-0.10167074674023803,11779.77
1289.8663153420846,0.43609106781430934,6418.53712292566,0.3093960431558339,11760.55
1215.6822034202971,0.44234380378422816,6458.517903392482,0.057513023667195434,11852.4
1795.193033273672,0.39364164546034836,6483.854735935426,-0.11010023856383966,11910.99
1622.3677313757828,0.40769997685406895,6629.392302117131,0.09627115229092054,12281.15
3002.2457784716166,0.29206600925210363,6491.003465588919,-0.28362515125517174,11945.1
3406.598400619958,0.2576314087433682,6434.89587892483,-0.11790006169123353,11754.38
3670.9201555270547,0.23531011558973267,6460.178023074575,-0.08664041881582159,11853.54
3696.823980503443,0.23306146087283605,6384.309289964116,-0.009556132813334605,11531.23
4306.34046486493,0.18075074043169448,6414.5285333974025,-0.2244503241558396,11663.51
5120.478070130886,0.11078644080018483,6410.931826944336,-0.38707614400035656,11648.12
5158.601054383946,0.10753818337512976,6421.980064929811,-0.029319990800261004,11748.19
5282.476605170913,0.09658263036178476,6375.639380310345,-0.10187593531432736,11318.42
4909.356244068115,0.12910453783413064,6389.077576090976,0.07063360408213777,11461.42
4492.268861448925,0.16587914691490033,6371.742630070574,0.0849576526704798,11330.38
3907.9824492487624,0.21651740401680655,6403.75691361009,0.13006488040248526,11526.9
3455.896135132332,0.2559069496412278,6390.084274606707,0.11568279028564617,11465.84
3123.8963183513774,0.2842275885666446,6452.533926745409,0.09606764896834537,11711.17
3323.150967374798,0.26710634457212923,6434.808999531263,-0.06023779774812691,11649.51
3004.2435290473,0.2938291538804206,6507.265886735057,0.09596537787731817,11921.97
3630.1590892599525,0.23881401565243285,6349.90205907831,-0.18723512456622055,11388.54
2651.7958654891395,0.335219312852162,6050.346472785085,0.26950973764906344,10138.29
3596.9968873681255,0.24464641166292814,6152.634465201989,-0.27018998523267723,10446.25
3600.669221695846,0.24428483770542,6084.237438347162,-0.0014779450679469211,10166.69
3701.7914065858477,0.23441505475159544,6105.9264224621875,-0.04040276525768831,10255.89
3843.522250656048,0.2207385327857126,6133.342383581999,-0.058343189520722365,10373.45
3411.966671062176,0.26331170340803806,6078.4347654962185,0.1122812752079711,10126.66
3581.183285791487,0.2467365792330669,6102.655942582176,-0.06294868006412038,10219.29
2802.724493817614,0.32197028977784536,6130.8863034106325,0.21737474176829893,10336.86
3186.3465371919474,0.2850035862967961,6146.932441248573,-0.11481402059350176,10387.89
3553.427468080744,0.24980964000138933,6161.60748215405,-0.12348597697559009,10440.67
2552.1749688376117,0.3466127693195525,6133.669256173456,0.2817709122353137,10332.84
1765.7319346892518,0.4202328521281411,6250.360279044784,0.3081462061774493,10671.77
1400.9269438828487,0.45402352565254406,6297.675093456436,0.20660270318473029,10785.23
2071.5668357515915,0.3927390094733718,6373.633872913001,-0.1349809265744352,10954.01
2606.6124519285345,0.3437827757097231,6367.596018192906,-0.1246533514185278,10940.0
2987.5499447000016,0.30890626779973623,6364.945733061637,-0.10144925916659431,10933.4
4226.329201453282,0.19699763472174525,6409.189072656442,-0.362273753378618,11080.64
3831.491750365173,0.23311782702789677,6377.203694501373,0.09342325982375865,10920.28
3459.7665782147837,0.26876586431406707,6259.55971526457,0.09701839293141133,10417.22
3130.1188406804386,0.3000412951986688,6289.4366630172935,0.0952803404744263,10529.61
2641.6277281782995,0.3476910073871299,6202.491272693294,0.15606152269795243,10241.46
2553.245127492512,0.3559148807297993,6374.464738918278,0.03345762907581893,10736.33
2379.887566905771,0.3721206607907688,6356.581056892577,0.06789695149912675,10686.57
1949.1703011415227,0.4122271937553507,6371.786849793241,0.18098219082015238,10728.59
1591.389980485426,0.4454009375053104,6390.255485411391,0.18355518778762658,10774.26
1325.6313047413826,0.47022238353272594,6355.1816434696075,0.1669978314573643,10696.11
1506.943936306667,0.45348027880299974,6422.933177092889,-0.03560465285370878,10840.58
2151.284427373903,0.3936296696080893,6393.269988575742,-0.13198062185392329,10776.59
2143.039152310874,0.39440534800998905,6331.280815524189,0.0038327219581531487,10619.13
2410.7217866379087,0.3690562046557218,6311.79349233075,-0.06427180433066851,10570.4
2249.990339640143,0.38428762652550336,6301.177398605856,0.06667357796684145,10542.07
1944.8610619775754,0.41286501546266474,6348.735293211945,0.13561359455052982,10666.62
1444.1097022455488,0.4592179933886015,6400.082130494014,0.2574741042030284,10792.2
1274.1002173319962,0.4752411144754901,6311.489696382125,0.11772615657189538,10599.65
1505.4555956265344,0.45352929368686434,6342.980453808104,-0.045685905800865914,10666.4
1865.6332030818794,0.42052941948491496,6460.102143899149,-0.07276238748259092,10925.44
1428.9924820148526,0.46000261563879924,6512.315786497593,0.2340442485402439,11050.64
1016.9561529841737,0.496451413475169,6623.491184670222,0.2883404456052248,11293.22
702.9139248008244,0.5240464204287293,6660.8081595834565,0.3088060652977204,11369.02
965.49269129194,0.5012466168074293,6743.983989036019,-0.04350722136914344,11528.24
1050.1355087657614,0.49382776249290383,6689.930038259344,-0.014800806760109619,11420.57
1500.2593560553494,0.45436561828663635,6688.156005434152,-0.07991074460264783,11417.89
2087.568386393559,0.40326694080402853,6727.206965046212,-0.11246158473718897,11505.13
2434.693343068074,0.3725694355736758,6651.896200991047,-0.07612204751807441,11319.24
2455.5921465014635,0.37072796089943305,6667.176707986901,-0.004942634844447858,11360.31
1971.2760007179509,0.4127888094710169,6719.643466496384,0.1972298805701625,11503.14
2275.547661841566,0.3868706480373758,6821.842607426866,-0.06278794589139869,11751.46
3242.4218414438647,0.3056076739295737,6882.209237945088,-0.21005205362581866,11910.0
3695.034597890485,0.2701585944726647,7147.864054196994,-0.11599538388907771,12780.75
3298.7330191936326,0.3006860184456766,7198.281882652662,0.10725246765567586,12968.84
4086.0691940907027,0.2397001297168255,7183.7283524290215,-0.20282249585166234,12923.06
4010.557029568183,0.24545350111464995,7228.877063738172,0.01848039299768236,13111.73
4451.181073742189,0.21160259584917146,7208.286720722388,-0.1379116823013534,13029.64
4454.289457606717,0.21136420636085818,7213.046783659593,-0.0011265905664181691,13052.15
4139.006848182727,0.23446215525662992,7336.170311206974,0.07078179638406158,13636.16
3391.1913059628037,0.2907749248608709,7248.727769137062,0.1806751159516102,13266.4
2794.4256121226895,0.3350810086177258,7303.171788970136,0.17597523701797904,13455.69
2454.3393097613807,0.3601358545302889,7337.817510777551,0.12170168384012699,13560.1
2077.1221840766884,0.3874609149725344,7420.59566246291,0.15369395917851583,13791.0
2508.301340775967,0.3560972495942399,7408.730080094603,-0.08094665594984653,13761.49
1609.2411358343243,0.42238401496987754,7332.388256590626,0.3584338892325872,13549.63
1157.7818212203495,0.45454480867156044,7532.104581970238,0.2805417439070821,14023.53
1905.1005637912854,0.4016555071665193,7586.120073709606,-0.11635662864484989,14144.01
1792.5733219242202,0.40886619160600035,8166.805426385598,0.05906630022885931,15590.02
1495.7266303375757,0.42790028514140505,8162.383119820706,0.16559807510021257,15579.93
909.0069569093931,0.4674549542839352,7835.89470597503,0.3922639749322132,14818.3
2117.1772744938335,0.3893049134259296,8141.709740251436,-0.16718197152861225,15475.1
2437.2098403081286,0.3684056212793189,8084.282249582253,-0.05368360743946025,15328.41
1314.3586605167634,0.44173457006223904,8071.665143018547,0.46071173734035425,15297.21
848.7267465831133,0.47139274829962474,8242.168459101502,0.35426548926194823,15684.25
963.3231942423233,0.46435173338615404,8528.471981809536,-0.014936621190861732,16291.85
1228.304007972565,0.4480989509303493,8541.296811113903,-0.03500101601276669,16320.04
785.4572015686451,0.4756295093026704,8428.614139078465,0.36053517983294825,16069.56
524.5227198828284,0.4919655090021209,8374.816347029671,0.33220712874578234,15957.0
474.9345106219872,0.4949295719427387,8746.732040866736,0.09453967841835052,16713.08
342.0752380445332,0.5024454877509311,9214.951035523573,0.27974230047729715,17659.38
287.9812159623545,0.505485238453922,9274.371413886567,0.15813486644460498,17777.75
279.65312131786084,0.505952567294136,9287.030545867578,0.028918881450873173,17802.81
179.33090045671278,0.5113247652565928,9718.43187066352,0.35873806946398884,18655.66
145.0427405796979,0.5131561509491867,9743.012756703096,0.191200511399269,18703.8
2272.9202939637994,0.3974821289101027,9592.108517858962,-0.22541680894815602,18413.88
3570.9720750747138,0.32674223208713943,9572.576661473611,-0.1779700058891511,18368.01
5667.875280552665,0.21719096863799348,9829.25423965662,-0.3352834518799809,19160.0
5792.385388849307,0.2105327136594675,9733.311465279558,-0.030656223968611403,18718.83
5735.437349178257,0.21385008099684752,9402.852897731264,0.009831534997771093,17149.47
4818.489199214967,0.26729560732185914,9399.810279776191,0.15987414631853059,17139.53
4255.622302886803,0.29902862688816656,9554.361726764811,0.11681397904136993,17719.84
5815.3358681240425,0.21317353532493766,9691.896608008034,-0.28711328562979943,18185.0
5343.3065336714735,0.23711547366623037,10013.50207798997,0.08116974585078268,19695.87
4502.831126082012,0.2818603029747859,9791.928436991751,0.15729500119319514,18764.96
4460.660041221067,0.2840540510624883,9915.656762149178,0.009365460013961959,19204.08
4046.192011393583,0.3053724690181856,9977.23993130425,0.0929163007262099,19422.34
3368.1455987598206,0.34169149548025707,9740.86625212931,0.1675764300667063,18650.51
2751.1471326144056,0.3738824508073973,9910.121180641174,0.1831863997722067,19147.66
2454.855117065911,0.3891725365174665,9988.717824570494,0.10769762621417091,19358.67
3465.0443499670837,0.33641489530608093,9913.075006809206,-0.13556362862469817,19166.9
2925.929053616086,0.3658065645906817,9629.008781897843,0.15558683869547552,18324.11
4289.756770732438,0.2921766871643334,9707.089458685623,-0.2012809078719959,18541.29
3827.237652442634,0.31748818584175126,9622.924162228494,0.10781942730306197,18254.81
2822.2492653348495,0.37315207455652494,9552.617852635847,0.2625884458641802,18036.53
2030.5674192231281,0.4152012637486276,9839.959276679303,0.280514501619612,18808.69
1333.8501717097938,0.45149961541743266,9991.350782342912,0.34311456045123107,19174.99
2009.5458115730382,0.41640659421209425,10035.237422372737,-0.07772547308350039,19273.69
1899.7055865258733,0.4220551042482727,10098.729525347646,0.054659229172379004,19426.43
1610.2879908458415,0.4356065985678089,10904.181286721301,0.1523486574618704,21335.52
1167.5302994295002,0.45500880163814555,11540.43420169455,0.27495559423738375,22797.15
984.0263885203674,0.46294221198861024,11681.41262840386,0.1571727183429842,23107.39
2988.95745171865,0.3786935468611846,12010.043647627044,-0.18198527363821035,23821.6
2869.4107565610752,0.383785186126894,11871.299541167884,0.03999611807415852,23455.54
2760.823601373663,0.38855979620547826,11588.855543986585,0.03784301530867304,22719.88
3765.895746565291,0.3463067578386268,12011.733233041688,-0.10874269232040464,23810.79
4670.523690920956,0.3073295592880903,11810.523870829991,-0.11255107695212585,23232.39
3461.3392207752804,0.3582367106533836,11961.934545502314,0.2588969781903072,23728.99
2267.1141061845074,0.4065131836031204,12313.058960581111,0.34501822514907593,24712.47
1865.4279498688147,0.4216597661542228,13036.628798499103,0.17717950553080886,26493.4
1237.2631719571827,0.4455372334995047,12946.667795663754,0.3367403055989417,26281.54
1918.388724759313,0.4203591698569934,13301.471236168178,-0.056511693635004044,27079.42
1315.8417305292696,0.44233997859300994,13429.322044298848,0.3140901457840046,27385.0
1098.9282889355409,0.4498444773177835,14088.434985949065,0.1648476686527338,28875.55
969.5770079164813,0.4543121713706406,14109.934157137484,0.1177067533172284,28923.63
673.2929028043657,0.4644032271569402,14295.029040803589,0.30558078697513563,29331.7
538.6251921789789,0.46858432988625814,15616.00545354767,0.20001356031598674,32176.45
937.0100101289524,0.45649999663368657,16001.532724040442,-0.025789025543182124,33000.05
529.5038885790484,0.4692259046332287,15539.923271319878,0.4349004996156045,31989.75
363.3867934739899,0.4741140718040247,16459.33669760688,0.31372214385590724,33949.53
348.27750346191215,0.47452458155241484,17796.242671412012,0.04157908400476651,36769.36
2638.7696243847754,0.4163800036352082,19057.665790130053,-0.1225322779422421,39432.48
6005.694315957449,0.33334114123804337,19534.997881740266,-0.19943047618087695,40586.96
6016.337721972321,0.3330753758816632,19368.73666689913,-0.0007972773939426901,40088.22
5755.596426716108,0.3399031718817952,18722.909232070033,0.04333887280030132,38150.02
8415.4925304862,0.26471167677930046,17789.030948561638,-0.22121445553512906,35410.37
6063.940534864687,0.33370606999105146,17426.348567900495,0.27943129734863587,34049.15
4926.626148711049,0.3641084011805201,18533.859570420715,0.18755368388173296,37371.38
8225.00864244673,0.2797638753007613,19176.424291508843,-0.23164674477791558,39145.21
7808.658019981118,0.29108568719242456,18502.39807721471,0.050620083280758565,36737.43
10576.991586392216,0.21409982218896628,18283.510404087614,-0.2644783594342999,35994.98
11613.985097839015,0.1851247535849056,18246.07754377072,-0.13533438892110358,35824.99
13208.793585757712,0.1415338835884196,18392.112576119267,-0.2354675382538376,36622.46
12775.704556616087,0.15358492985813327,18289.701493286997,0.03278793224603047,35901.94
13558.215112339254,0.13150055041284547,18222.30687950865,-0.14379261992493128,35468.23
12627.514216778402,0.16163702441874564,17614.338077775297,0.0686447948973628,30851.99
8093.365663518236,0.2991063538483938,17948.92002282281,0.3590689723584363,32950.0
10092.061373943438,0.2367366173675648,17686.09858586018,-0.20852026604704618,32078.0
10188.843300358916,0.23373350338946844,17728.9575662763,-0.012685464595591545,32259.45
8901.093582037543,0.2736186150169206,17726.440378330153,0.1263882150661802,32254.19
11114.602499051118,0.20536689128792873,17781.63531149135,-0.24944108325660214,32464.01
10943.728385083597,0.21098912209056692,17349.82019793059,0.015373839413700002,30362.19
8216.053520215126,0.29265216724327237,17981.32371417874,0.24924548279051928,33368.18
7217.575753683781,0.32177881366340366,18237.303104468527,0.12152766094751545,34246.28
7011.002143124352,0.32780186183443855,18242.44127695292,0.028620913393807606,34262.89
6690.078515124711,0.3374898017313907,17858.618399127572,0.04577428753382555,33092.97
4795.915267232476,0.39394664463285806,17999.860410589994,0.2831301969939475,33517.09
4743.304636399175,0.3954282912339344,18770.217737136074,0.010969883307313069,35472.71
4285.992729176458,0.4075721359419586,19618.962452068285,0.09641208867619355,37620.26
2809.955279351539,0.44749349893440904,19338.86602676718,0.3443863634618287,36936.65
2481.3015476232936,0.4560683463852522,19943.84840423906,0.11696048479607463,38289.32
1977.2244986046062,0.46892082190769707,20350.015910978305,0.20315025777560805,39181.01
1099.715879793782,0.49151691725210295,20168.45383126202,0.44380828754150653,38795.69
938.9671113917266,0.49497974214545365,23893.583356223236,0.14617299918611618,46374.86
865.820562621933,0.4965539071836206,23916.061486726616,0.07790107649391104,46420.42
717.5961572340182,0.499858619934957,23115.051258659198,0.17119529355950178,44807.58
631.4832339479286,0.5016520160890877,24695.058232039908,0.1200019292438977,47968.66
381.33037404741856,0.506935578068586,24358.44538587211,0.39613539434229444,47298.15
292.5785272857223,0.5088157551060117,24286.691151353793,0.232742663060614,47156.78
272.83531474141466,0.5092217509584965,25011.067310528128,0.06748004622029925,48580.47
258.5527993783682,0.5095195573717846,24670.195264573675,0.052348484933422146,47911.1
231.90509537509388,0.5100613686286629,25292.979847823073,0.10306484426911139,49133.45
229.48205220048018,0.510107813915481,26815.112762268927,0.010448425769578528,52117.67
158.12762868847068,0.511490538652182,26526.799886514335,0.31093683722887755,51552.61
1092.076244511454,0.4947681206769681,28752.58279907803,-0.03269350400748124,55906.0
1001.0856210180499,0.496395944741425,28720.425886553465,0.08331892937943103,55841.19
4587.3893857274425,0.4338676967535311,29496.75344543503,-0.125964461737223,57412.35
4441.230358070663,0.4365672559807842,28054.136032364848,0.031861046745130926,54087.67
3560.1054311407497,0.45457146538543913,25784.558945300254,0.19839658290381654,48891.0
3082.587658852782,0.46417445753229736,26141.015487863267,0.13413023336641985,49676.21
4179.463684900064,0.44084989837696104,24931.912771624568,-0.05024955332384567,47073.73
3284.1818589190307,0.4601767532590329,24579.726248276904,0.21420973921022146,46276.88
6285.290124457746,0.3950168131085713,24497.014920466987,-0.1415976354498359,46103.67
7892.016423114537,0.3593822424193502,24112.414084516153,-0.09021026322600312,45134.11
10511.14708409258,0.30651981197385575,25713.230113993057,-0.14709249430251803,49595.76
9616.412600537567,0.32497361683491965,25357.032939460005,0.08512243967255392,48436.61
7762.140736128026,0.3617648933205069,25976.775202932757,0.19282365903329535,50349.37
7439.339473983322,0.36843124013721307,25261.86544319248,0.041586628369447244,48374.09
5364.871850105546,0.4109446508866323,25397.11266739254,0.27885105003375005,48746.81
4384.866820980831,0.43097290297216834,25451.770458646955,0.18267072476399127,48882.2
3384.6011054222913,0.4505820650992734,26345.862124843326,0.22811769579236496,50959.11
3093.732731179968,0.4561300652372792,26983.62700139421,0.08593874586176149,52375.18
2449.3063670496977,0.46786192508748226,28123.075111790007,0.20830059353074196,54874.67
2329.704210350546,0.470001211624221,28580.019181489766,0.0488310316374255,55851.59
9595.96859494734,0.34410297130809986,29475.881171775887,-0.2678679058742092,57773.15
9182.902721118597,0.3513144428953733,29285.719404433636,0.04304577174692298,57221.72
7596.097396087952,0.37722162526734676,30677.677547163967,0.172799971122568,61188.38
12322.089419018299,0.2970073630499186,29838.419422839343,-0.21264491970888005,58976.08
9530.242262064085,0.3471655372817757,28834.451395724675,0.22657254480276617,55605.2
7500.56673144596,0.38280032612788745,29282.18856036409,0.21297208138112245,56900.74
7358.777912904851,0.3852046698525811,30052.329071789867,0.018903747359071108,58912.97
